Ботинки HSE РАН-Р 400 чер. ЗП;41;1
Ботинки PANDAR САНИТАРИ 3916 S1 SRC бел.;37;1
Ботинки HSQ РАН-Р 400 чер. ЗП;45;4
Ботинки PANDAQ САНИТАРИ 3916 S1 SRC бел.;37;0
Ботинки HA РАН-Р 400 чер. ЗП;45;4
Ботинки PANDA САНИТАРИ 3916 S1 SRC бел.;37;0
Ботинки HD РАН-Р 400 чер. ЗП;45;4
Ботинки STAR САНИТАРИ 3916 S1 SRC бел.;37;0
Сандали HSE РАН-Р 400 чер. ЗП;41;0
Сандали PANDAR САНИТАРИ 3916 S1 SRC бел.;37;0
Сандали HSQ РАН-Р 400 чер. ЗП;45;4
Сандали PANDAQ САНИТАРИ 3916 S1 SRC бел.;37;1
Сандали HA РАН-Р 400 чер. ЗП;45;4
Сандали PANDA САНИТАРИ 3916 S1 SRC бел.;37;0
Сандали HD РАН-Р 400 чер. ЗП;45;0
Сандали STAR САНИТАРИ 3916 S1 SRC бел.;37;1
Туфли HSE РАН-Р 400 чер. ЗП;41;0
Туфли PANDAR САНИТАРИ 3916 S1 SRC бел.;37;0
Туфли HSQ РАН-Р 400 чер. ЗП;45;4
Туфли PANDAQ САНИТАРИ 3916 S1 SRC бел.;37;0
Туфли HA РАН-Р 400 чер. ЗП;45;4
Туфли PANDA САНИТАРИ 3916 S1 SRC бел.;37;0
Туфли HD РАН-Р 400 чер. ЗП;45;4
Туфли STAR САНИТАРИ 3916 S1 SRC бел.;37;1
